marker_inferred_cell_type	plasma_secretory_score	myeloid_inflammatory_score	t_nk_cytotoxic_exhaustion_score	stromal_ecm_score	endothelial_angiogenic_score	erythroid_megak_score	cycling_proliferation_score
b_cell	0.15958182386547604	0.1758785461688126	0.0	0.0	0.0	0.43153564693369545	0.0
endothelial_like	0.1473243295667528	0.24238241076796324	0.0	0.0	0.3815797280971444	0.050793800175664955	0.06612967798606757
erythroid_cell	0.0	0.07131271209931997	0.0	0.0	0.0	2.243971459103254	0.1402376242951726
low_marker	0.0	0.0	0.0	0.0	0.0	0.0	0.0
megakaryocyte_platelet	0.0	0.14571043761647567	0.0	0.22155703458847997	0.28935948744855716	1.9392115807379076	0.0
myeloid_cell	0.07991398661757952	2.7155913006355443	0.03526265388272809	0.0	0.1464559472193908	0.5186602190300293	0.0
plasma_cell	1.3387898212948908	0.14624015663244644	0.0	0.0	0.07789873697696069	0.29682016245002346	0.0
stromal_like	0.06910040955688167	0.1568489240086293	0.0	2.2036308510605256	0.0	0.6081088051025619	0.0
t_nk_cell	0.13371566057057935	0.20824257595085136	0.9641315253014067	0.0	0.0	0.32141925404059807	0.0
