stage	plasma_secretory_score	myeloid_inflammatory_score	t_nk_cytotoxic_exhaustion_score	stromal_ecm_score	endothelial_angiogenic_score	erythroid_megak_score	cycling_proliferation_score
HD	0.0797404265062579	0.2687223140007976	0.0	0.0	0.0	0.6513182077708588	0.11240661026413719
MGUS	0.08092671625763782	0.19391718843083489	0.10072751758430834	0.0	0.0	0.4914207698026452	0.0
SMM	0.09032325349555563	0.1708412869420627	0.10705462085556797	0.0	0.0	0.7068825067694167	0.0
MM	0.1486662964537932	0.15525926927326192	0.010400287797064225	0.0	0.0	0.502845913786394	0.0
